{"proxy":"i.pixiv.re","last":{"group_484774258":1682154099.8542922,"group_793734218":1684859652.6973355,"group_735294667":1684978724.7906985,"group_708603062":1685102075.8541882},"group_484774258":{},"group_955760779":{},"group_708603062":{"cd":0}}